Anime,Picture
Digimon Fusion,https://staticf.akacdn.ru/assets/gogo/img/icon/menu_show.png
Umayon,https://staticf.akacdn.ru/assets/gogo/img/icon/logo.png
Cutey Honey F,https://static.akacdn.ru/files/images/2018/04/051e4543deb31f44b4a5afacf2217c75.jpg
Muhyo & Roji's Bureau of Supernatural Investigation 2nd Season,https://static.akacdn.ru/files/images/2020/07/96e11af3bd426d675f607b051f8e001e.jpg
Black Clover,https://static.akacdn.ru/files/images/2018/04/c559240dd3a487b3688ee580e20ce2f3.jpg
Shadowverse (TV),https://static.akacdn.ru/files/images/2020/03/d0966e71e8d3a5d876be8372bc916fb2.jpg
Honkai Impact 3 ~ Lament of the Fallen,https://static.akacdn.ru/files/images/2018/05/4c127405d9fa8f78a9d86052721cbefe.jpg
Rizelmine,https://static.akacdn.ru/files/images/2020/04/011b78bf0ba9eb211f5e6aa99c1e7aee.jpg
The God of High School,https://static.akacdn.ru/files/images/2020/07/250d64c640c338a3443262233d7d873e.jpg
Wu Shang Shen Di,https://static.akacdn.ru/files/images/2018/04/48d51448b5d78696f7c0cfcb4fc7dac5.jpg
Wan Jie Chun Qiu,https://static.akacdn.ru/files/images/a/a4/a4574f15a407a592a4201f1cf0dade84.jpg
Yuan Long,https://static.akacdn.ru/files/images/7/7b/7bdaf11088eb978f7e805e5c2d647172.jpg
Dubu Xiaoyao,https://static.akacdn.ru/files/images/f/fe/fe3cdc70e21a71c386c9475ab2450bbf.jpg
Mewkledreamy,https://static.akacdn.ru/files/images/5/5a/5a036aa8fc0c583af25f44b6fa134aa3.jpg
Re:Zero kara Hajimeru Break Time 2nd Season,https://static.akacdn.ru/files/images/d/d0/d0c172ebcb87ca43a1053719c4a2b9c2.jpg
Fruits Basket 2nd Season,https://static.akacdn.ru/files/images/2020/01/45c31f8c7ae35aeb4b0b8190ab058c27.jpg
Olympia Kyklos,https://static.akacdn.ru/files/images/2020/07/2f1b56bb555473496bfaf6b725d044d5.jpg
Manga Nippon Mukashibanashi (1976),https://static.akacdn.ru/files/images/2019/08/405f78fd637464ce8d4715ce6164cb87.jpg
In/Spectre,https://static.akacdn.ru/files/images/2020/02/0a902868687528d63c2f5ea407efa479.jpg
Attack on Tomorrow,https://static.akacdn.ru/files/images/2020/07/d4a8d2e62a825a7870a1ed327773f0d9.jpg
